service_station_code,service_station_name,supervisor_name,supervisor_email,station_email,region
SS001,Demo Service Station 001,Supervisor 01,supervisor01@example.test,station001@example.test,East
SS002,Demo Service Station 002,Supervisor 02,supervisor02@example.test,station002@example.test,North
SS003,Demo Service Station 003,Supervisor 03,supervisor03@example.test,station003@example.test,South
SS004,Demo Service Station 004,Supervisor 04,supervisor04@example.test,station004@example.test,West
SS005,Demo Service Station 005,Supervisor 05,supervisor05@example.test,station005@example.test,Central
SS006,Demo Service Station 006,Supervisor 06,supervisor06@example.test,station006@example.test,Northeast
SS007,Demo Service Station 007,Supervisor 07,supervisor07@example.test,station007@example.test,East
SS008,Demo Service Station 008,Supervisor 08,supervisor08@example.test,station008@example.test,North
SS009,Demo Service Station 009,Supervisor 09,supervisor09@example.test,station009@example.test,South
SS010,Demo Service Station 010,Supervisor 10,supervisor10@example.test,station010@example.test,West
SS011,Demo Service Station 011,Supervisor 11,supervisor11@example.test,station011@example.test,Central
SS012,Demo Service Station 012,Supervisor 12,supervisor12@example.test,station012@example.test,Northeast
SS013,Demo Service Station 013,Supervisor 01,supervisor01@example.test,station013@example.test,East
SS014,Demo Service Station 014,Supervisor 02,supervisor02@example.test,station014@example.test,North
SS015,Demo Service Station 015,Supervisor 03,supervisor03@example.test,station015@example.test,South
SS016,Demo Service Station 016,Supervisor 04,supervisor04@example.test,station016@example.test,West
SS017,Demo Service Station 017,Supervisor 05,supervisor05@example.test,station017@example.test,Central
SS018,Demo Service Station 018,Supervisor 06,supervisor06@example.test,station018@example.test,Northeast
SS019,Demo Service Station 019,Supervisor 07,supervisor07@example.test,station019@example.test,East
SS020,Demo Service Station 020,Supervisor 08,supervisor08@example.test,station020@example.test,North
SS021,Demo Service Station 021,Supervisor 09,supervisor09@example.test,station021@example.test,South
SS022,Demo Service Station 022,Supervisor 10,supervisor10@example.test,station022@example.test,West
SS023,Demo Service Station 023,Supervisor 11,supervisor11@example.test,station023@example.test,Central
SS024,Demo Service Station 024,Supervisor 12,supervisor12@example.test,station024@example.test,Northeast
SS025,Demo Service Station 025,Supervisor 01,supervisor01@example.test,station025@example.test,East
SS026,Demo Service Station 026,Supervisor 02,supervisor02@example.test,station026@example.test,North
SS027,Demo Service Station 027,Supervisor 03,supervisor03@example.test,station027@example.test,South
SS028,Demo Service Station 028,Supervisor 04,supervisor04@example.test,station028@example.test,West
SS029,Demo Service Station 029,Supervisor 05,supervisor05@example.test,station029@example.test,Central
SS030,Demo Service Station 030,Supervisor 06,supervisor06@example.test,station030@example.test,Northeast
